---
layout: single
title: DB flex 공부
categories: DB
# git, study, diary, java, toDolist, cooking, plan, html, academy
tag: [DB] 
---

# 6월 7일(화) DB 공부 // null값의 영향

오라클 접속

~~~sql
SQL> conn /as sysdba
Connected.
SQL> alter user hr account unlock;

User altered.

SQL> alter user hr identified by hr;

User altered.

SQL> connect hr/hr;
Connected.
SQL> show user;
USER is "HR"
~~~

~~~sql
SQL> update jobs set max_salary = null
  2  where job_id in('AD_VP', 'IT_PROG');

2 rows updated.

SQL> select AVG(NVL(max_salary, 0)), sum(NVL(max_salary, 0)), count(NVL(max_salary, 0))
  2  from jobs;

AVG(NVL(MAX_SALARY,0)) SUM(NVL(MAX_SALARY,0)) COUNT(NVL(MAX_SALARY,0))
---------------------- ---------------------- ------------------------
            11109.8947                 211088                       19

SQL> select AVG(max_salary), sum(max_salary), count(max_salary)
  2  from jobs;

AVG(MAX_SALARY) SUM(MAX_SALARY) COUNT(MAX_SALARY)
--------------- --------------- -----------------
     12416.9412          211088                17

SQL> rollback;

Rollback complete.
~~~
NVL : null을 특정값으로 채워서 보여주는 것


## group by절, having 절

group by절은 선택된 테이블의 각 그룹에 대한 요약 정보를 생성하며
having절은 결과 행들에 대해 제약을 가한다. 이때 조건에 맞지 않는 그룹들을 제외한다.

~~~sql
SQL> select job_id, count(employee_id) as counts_of_employee,
  2  sum(salary) as sum_of_salary
  3  from employees
  4  group by job_id;

JOB_ID               COUNTS_OF_EMPLOYEE SUM_OF_SALARY
-------------------- ------------------ -------------
IT_PROG                               5         28800
AC_MGR                                1         12008
AC_ACCOUNT                            1          8300
ST_MAN                                5         36400
PU_MAN                                1         11000
AD_ASST                               1          4400
AD_VP                                 2         34000
SH_CLERK                             20         64300
FI_ACCOUNT                            5         39600
FI_MGR                                1         12008
PU_CLERK                              5         13900

JOB_ID               COUNTS_OF_EMPLOYEE SUM_OF_SALARY
-------------------- ------------------ -------------
SA_MAN                                5         61000
MK_MAN                                1         13000
PR_REP                                1         10000
AD_PRES                               1         24000
SA_REP                               30        250500
MK_REP                                1          6000
ST_CLERK                             20         55700
HR_REP                                1          6500

19 rows selected.
~~~

결과중 급여 합계가 10,000 이상인 것만 가져오고 싶다면
select문에서 조건에 맞는 내용을 찾을때 where절을 사용하듯이
group by절에서 조건에 맞는 값을 가져고오 싶으면 having 절을 사용하면 된다.

~~~sql
SQL> select job_id, count(employee_id) as counts_of_employee,
  2  sum(salary) as sum_of_salary
  3  from employees
  4  group by job_id
  5  having sum(salary) >= 10000;

JOB_ID               COUNTS_OF_EMPLOYEE SUM_OF_SALARY
-------------------- ------------------ -------------
IT_PROG                               5         28800
AC_MGR                                1         12008
ST_MAN                                5         36400
PU_MAN                                1         11000
AD_VP                                 2         34000
SH_CLERK                             20         64300
FI_ACCOUNT                            5         39600
FI_MGR                                1         12008
PU_CLERK                              5         13900
SA_MAN                                5         61000
MK_MAN                                1         13000

JOB_ID               COUNTS_OF_EMPLOYEE SUM_OF_SALARY
-------------------- ------------------ -------------
PR_REP                                1         10000
AD_PRES                               1         24000
SA_REP                               30        250500
ST_CLERK                             20         55700

15 rows selected.
~~~



급여가 5천 이상인 데이터를 가지고 연산을 한 후에 
그 결과로 나타난 급여의 합이 다시 10000 이상인 것만 보여줌.

~~~sql
SQL> select job_id, count(employee_id) as counts_of_employee,
  2  sum(salary) as sum_of_salary
  3  from employees
  4  where salary >= 5000
  5  group by job_id
  6  having sum(salary) >= 10000;

JOB_ID               COUNTS_OF_EMPLOYEE SUM_OF_SALARY
-------------------- ------------------ -------------
IT_PROG                               2         15000
AC_MGR                                1         12008
ST_MAN                                5         36400
PU_MAN                                1         11000
AD_VP                                 2         34000
FI_ACCOUNT                            5         39600
FI_MGR                                1         12008
SA_MAN                                5         61000
MK_MAN                                1         13000
PR_REP                                1         10000
AD_PRES                               1         24000

JOB_ID               COUNTS_OF_EMPLOYEE SUM_OF_SALARY
-------------------- ------------------ -------------
SA_REP                               30        250500

12 rows selected.
~~~


## over(partition by~)
 
 group by 절과 비슷하게 select 절에서 사용할 수 있는 over(partition by~)는 
 각각의 구문마다 group by하여 칼럼으로 값을 보여주는 내용이다.
 over마다 다르게 적용할 수 있다.

 ~~~sql


SQL> select job_id, first_name, employee_id,
  2  count(employee_id) over ( partition by job_id) as counts_of_employee,
  3  sum(salary) over ( partition by job_id) as sum_of_salary,
  4  sum(salary) over ( partition by department_id) as department_of_salary
  5  from employees;

JOB_ID               FIRST_NAME                               EMPLOYEE_ID
-------------------- ---------------------------------------- -----------
COUNTS_OF_EMPLOYEE SUM_OF_SALARY DEPARTMENT_OF_SALARY
------------------ ------------- --------------------
AD_ASST              Jennifer                                         200
                 1          4400                 4400

MK_MAN               Michael                                          201
                 1         13000                19000

MK_REP               Pat                                              202
                 1          6000                19000


JOB_ID               FIRST_NAME                               EMPLOYEE_ID
-------------------- ---------------------------------------- -----------
COUNTS_OF_EMPLOYEE SUM_OF_SALARY DEPARTMENT_OF_SALARY
------------------ ------------- --------------------
PU_CLERK             Sigal                                            117
                 5         13900                24900

PU_CLERK             Alexander                                        115
                 5         13900                24900

PU_CLERK             Shelli                                           116
                 5         13900                24900


 ~~~


 ## rollup, cube, grouping sets

 일반적으로 합계를 구하는 내용에서 중간 합계와 총 합계를 요구할 때가 잦은데
 이러한 내용은 일반적으로 프로그래밍에서 주로 처리하지만,
 쿼리로 해당 내용을 처리하는 방법이 rollup, cube, grouping sets이다.


 ### rollup 

~~~sql
SQL> select department_id, job_id, manager_id, salary
  2  from employees
  3  where job_id = 'IT_PROG';

DEPARTMENT_ID JOB_ID               MANAGER_ID     SALARY
------------- -------------------- ---------- ----------
           60 IT_PROG                     102       9000
           60 IT_PROG                     103       6000
           60 IT_PROG                     103       4800
           60 IT_PROG                     103       4800
           60 IT_PROG                     103       4200
~~~


 중간합계와 총합계를 rollup 이후 나열한 칼럼의 순서대로 계층형으로 보여준다.

 ~~~sql
 SQL> select department_id, job_id, manager_id, sum(salary) as sum_of_salary
  2  from employees
  3  where job_id = 'IT_PROG'
  4  group by rollup(department_id, job_id, manager_id);

DEPARTMENT_ID JOB_ID               MANAGER_ID SUM_OF_SALARY
------------- -------------------- ---------- -------------
           60 IT_PROG                     102          9000
           60 IT_PROG                     103         19800
           60 IT_PROG                                 28800
           60                                         28800
                                                      28800
~~~

~~~sql
SQL> select department_id, job_id, manager_id, sum(salary) as sum_of_salary
  2  from employees
  3  where job_id = 'IT_PROG'
  4  group by rollup(manager_id, job_id, department_id);

DEPARTMENT_ID JOB_ID               MANAGER_ID SUM_OF_SALARY
------------- -------------------- ---------- -------------
           60 IT_PROG                     102          9000
              IT_PROG                     102          9000
                                          102          9000
           60 IT_PROG                     103         19800
              IT_PROG                     103         19800
                                          103         19800
                                                      28800

7 rows selected.
~~~

manager_id, job_id, department_id의 합계, 
manager_id, job_id의 합계, 
manager_id의 합계, 
총합계의 순으로 값을 보여주며 선언된 내용에 맞게 보여준다


## cube

cube의 경우 중간 합계와 총합계를 cube이후 나열한 칼럼의 순서와는 상관없이
모든 가능한 조합의 중간합계와 총합계를 보여준다. 단, 정렬 순서는 영향을 받는다.

~~~sql
SQL> select department_id, job_id, manager_id, sum(salary) as sum_of_salary
  2  from employees
  3  where job_id = 'IT_PROG'
  4  group by cube(department_id, job_id, manager_id);

DEPARTMENT_ID JOB_ID               MANAGER_ID SUM_OF_SALARY
------------- -------------------- ---------- -------------
                                                      28800
                                          102          9000
                                          103         19800
              IT_PROG                                 28800
              IT_PROG                     102          9000
              IT_PROG                     103         19800
           60                                         28800
           60                             102          9000
           60                             103         19800
           60 IT_PROG                                 28800
           60 IT_PROG                     102          9000

DEPARTMENT_ID JOB_ID               MANAGER_ID SUM_OF_SALARY
------------- -------------------- ---------- -------------
           60 IT_PROG                     103         19800

12 rows selected.
~~~


## grouping sets

grouping sets 이후 나열한 칼럼 모임의 중간 합계와 총 합계를 보여준다.

~~~sql
SQL> select department_id, job_id, manager_id, sum(salary) as sum_of_salary
  2  from employees
  3  where job_id = 'IT_PROG'
  4  group by grouping sets((department_id, job_id, manager_id), (department_id, job_id), ());

DEPARTMENT_ID JOB_ID               MANAGER_ID SUM_OF_SALARY
------------- -------------------- ---------- -------------
           60 IT_PROG                     102          9000
           60 IT_PROG                     103         19800
           60 IT_PROG                                 28800
                                                      28800
~~~
                                                     

