---
layout: single
title: DB 학원수업
categories: academy
# git, study, diary, java, toDolist, cooking, plan, html, academy
tag: [academy] 
---

1~2교시 DB
3~4교시 자바
오후 플젝

# DB

## [NOT]IN

특정한 값만 가져오기

~~~sql
SELECT employee_id, salary
  2  from employees
  3  WHERE employee_id IN('100', '110', '120');
~~~

실행결과
~~~
EMPLOYEE_ID     SALARY
----------- ----------
        100      24000
        110       8200
        120       8000
~~~

위의 실행결과를 or논리연산자로 표현하면 다음과 같다.
~~~sql
SQL> select employee_id, salary
  2  from employees
  3  where employee_id = '100'
  4  or employee_id = '110'
  5  or employee_id = '120';
~~~

any.
~~~sql
SQL> select employee_id, salary
  2  from employees
  3  where employee_id = any('100', '110', '120');
~~~


select문 안에 select문을 사용하는 것이 서브쿼리

## [NOT]Exists

in은 괄호 안에 항목이 일치하는 것이 있어야 참이 되지만,
exists는 괄호 안에 어떤 것이든 결과만 반환되면(행만 있으면) 참이 된다.

~~~sql
SQL> select job_id
  2  from jobs
  3  where exists(
  4  select job_id from employees
  5  where salary > 10000);

JOB_ID
--------------------
AC_ACCOUNT
AC_MGR
AD_ASST
AD_PRES
AD_VP
FI_ACCOUNT
FI_MGR
HR_REP
IT_PROG
MK_MAN
MK_REP

JOB_ID
--------------------
PR_REP
PU_CLERK
PU_MAN
SA_MAN
SA_REP
SH_CLERK
ST_CLERK
ST_MAN

19 rows selected.

SQL> select job_id
  2  from jobs
  3  where job_id in(
  4  select job_id
  5  from employees
  6  where salary > 10000);

JOB_ID
--------------------
AC_MGR
AD_PRES
AD_VP
FI_MGR
MK_MAN
PU_MAN
SA_MAN
SA_REP

8 rows selected.
~~~

in과 exists 모두 서브쿼리를 사용하지만, in의 서브쿼리는 독립적으로 실행할 수 있지만, exists의 서브쿼리는 단독으로 실행할 수 없다.


## [NOT] between

지정한 범위에서 데이터를 가져올 때 사용

~~~sql
select employee_id, salary
  2  from employees
  3  where salary>= 10000 and salary <=20000
  4  order by salary;

EMPLOYEE_ID     SALARY
----------- ----------
        204      10000
        169      10000
        156      10000
        150      10000
        149      10500
        162      10500
        148      11000
        174      11000
        114      11000
        168      11500
        147      12000

EMPLOYEE_ID     SALARY
----------- ----------
        205      12008
        108      12008
        201      13000
        146      13500
        145      14000
        102      17000
        101      17000

18 rows selected.
~~~

not between 지정한 값을 제외한 결과
~~~sql
SQL> select employee_id, salary
  2  from employees
  3  where salary not between 10000 and 20000
  4  order by salary;
~~~

