---
layout: single
title: DB 학원수업
categories: academy
# git, study, diary, java, toDolist, cooking, plan, html, academy
tag: [academy] 
---

# DB 학원수업

### Like연산자 where column like '조건'

조건 칼럼의 데이터가 패턴과 일치하는 내용을 추출한다.

~~~
select ~ where column like pattern
~~~

패턴에 지정할 수 있는 문자는 _과 % 2종류가 있다.
밑줄은 하나의 문자에 대응시키기 위해 사용하며
%기호는 0개 이상의 문자에 대응시키기 위해 사용한다.

~~~sql _사용
SQL> select employee_id, first_name, last_name, salary
  2  from employees
  3  where first_name like '_ohn';

EMPLOYEE_ID FIRST_NAME
----------- ----------------------------------------
LAST_NAME                                              SALARY
-------------------------------------------------- ----------
        110 John
Chen                                                     8200

        139 John
Seo                                                      2700

        145 John
Russell                                                 14000
~~~

~~~sql %사용
SQL> select employee_id, first_name, salary
  2  from employees
  3  where first_name like '%o%n%';

EMPLOYEE_ID FIRST_NAME                                   SALARY
----------- ---------------------------------------- ----------
        110 John                                           8200
        112 Jose Manuel                                    7800
        133 Jason                                          3300
        139 John                                           2700
        145 John                                          14000
        169 Harrison                                      10000
        176 Jonathon                                       8600
        180 Winston                                        3200
        187 Anthony                                        3000
        198 Donald                                         2600

10 rows selected.
~~~

~~~sql John으로 시작하는 사원의 사원번호, 이름, 성, 급여
select employee_id, first_name, last_name, salary
  2  from employees
  3  where first_name like 'John%';

EMPLOYEE_ID FIRST_NAME
----------- ----------------------------------------
LAST_NAME                                              SALARY
-------------------------------------------------- ----------
        110 John
Chen                                                     8200

        145 John
Russell                                                 14000

        139 John
Seo                                                      2700
~~~


## 정렬과 중복 행 제거

### 정렬 형식 order by column

자료 정렬
사원 테이블에서 사원번호, 급여, 관리자 사원 번호의 사원정보를 조회해보자

~~~sql
SQL> select employee_id, salary, manager_id
  2  from employees
  3  order by salary; // 오름차순이 기본값

EMPLOYEE_ID     SALARY MANAGER_ID
----------- ---------- ----------
        132       2100        121
        128       2200        120
        136       2200        122
        127       2400        120
        135       2400        122
        119       2500        114
        131       2500        121
        140       2500        123
        144       2500        124
        182       2500        120
        191       2500        122
~~~

~~~sql 내림차순
SQL> select employee_id, salary, manager_id
  2  from employees
  3  order by salary desc;

EMPLOYEE_ID     SALARY MANAGER_ID
----------- ---------- ----------
        100      24000
        101      17000        100
        102      17000        100
        145      14000        100
        146      13500        100
        201      13000        100
        108      12008        101
        205      12008        101
        147      12000        100
        168      11500        148
        114      11000        100
~~~

~~~sql null값 정렬
SQL> select employee_id, salary, manager_id
  2  from employees
  3  order by manager_id asc; // 기본적으로 맨 마지막

EMPLOYEE_ID     SALARY MANAGER_ID
----------- ---------- ----------
        101      17000        100
        102      17000        100
        114      11000        100
        120       8000        100
        121       8200        100
        122       7900        100
        123       6500        100
        124       5800        100
        145      14000        100
        146      13500        100
        147      12000        100

EMPLOYEE_ID     SALARY MANAGER_ID
----------- ---------- ----------
        148      11000        100
        149      10500        100
        201      13000        100
        200       4400        101
        203       6500        101
        108      12008        101
        205      12008        101
        204      10000        101
        103       9000        102
        104       6000        103
        107       4200        103

EMPLOYEE_ID     SALARY MANAGER_ID
----------- ---------- ----------
        179       6200        149
        174      11000        149
        175       8800        149
        176       8600        149
        177       8400        149
        202       6000        201
        206       8300        205
        100      24000

107 rows selected.
~~~

~~~sql null먼저 정렬
SQL> select employee_id, salary, manager_id
  2  from employees
  3  order by manager_id asc nulls first;

EMPLOYEE_ID     SALARY MANAGER_ID
----------- ---------- ----------
        100      24000
        201      13000        100
        101      17000        100
        102      17000        100
        114      11000        100
        120       8000        100
        121       8200        100
        122       7900        100
        123       6500        100
        124       5800        100
        145      14000        100
~~~

~~~sql 2개 이상 칼럼 정렬. manager_id는 기본값인 오름차순, salary는 내림차순
SQL> select employee_id, salary, manager_id
  2  from employees
  3  order by manager_id, salary desc;

EMPLOYEE_ID     SALARY MANAGER_ID
----------- ---------- ----------
        102      17000        100
        101      17000        100
        145      14000        100
        146      13500        100
        201      13000        100
        147      12000        100
        114      11000        100
        148      11000        100
        149      10500        100
        121       8200        100
        120       8000        100
~~~

~~~sql 별칭 지정 및 별칭을 활용한 정렬
SQL> select employee_id, salary, salary*12 as salary_year
  2  from employees
  3  order by salary_year desc;

EMPLOYEE_ID     SALARY SALARY_YEAR
----------- ---------- -----------
        100      24000      288000
        101      17000      204000
        102      17000      204000
        145      14000      168000
        146      13500      162000
        201      13000      156000
        108      12008      144096
        205      12008      144096
        147      12000      144000
        168      11500      138000
        114      11000      132000

~~~


### 중복 행 제거 distinct column

일반 중복 행 제거

~~~sql
SQL> select distinct job_id
  2  from employees
  3  order by job_id;

JOB_ID
--------------------
AC_ACCOUNT
AC_MGR
AD_ASST
AD_PRES
AD_VP
FI_ACCOUNT
FI_MGR
HR_REP
IT_PROG
MK_MAN
MK_REP

JOB_ID
--------------------
PR_REP
PU_CLERK
PU_MAN
SA_MAN
SA_REP
SH_CLERK
ST_CLERK
ST_MAN

19 rows selected.
~~~

그룹 함수 중복 행 제거

select count(job_id) as cnt-별칭
from employees;

칼럼의 값 개수 조회
~~~sql 
SQL> select count(job_id) as cnt
  2  from employees;

       CNT
----------
       107
~~~


중복값 제거한 칼럼의 값 개수 조회
~~~sql 
SQL> select count(distinct job_id) as cont
  2  from employees;

      CONT
----------
        19
~~~
